{
  "package": {
    "productName": "Win11inReact",
    "version": "0.1.6"
  },
  "build": {
    "distDir": "../build",
    "devPath": "http://localhost:3000",
    "beforeDevCommand": "",
    "beforeBuildCommand": ""
  },
  "tauri": {
    "bundle": {
      "active": true,
      "targets": "all",
      "identifier": "com.blueedgetechno.win11react",
      "icon": [
        "icons/icon.ico"
      ],
      "resources": [],
      "externalBin": [],
      "copyright": "blueedgetechno",
      "category": "DeveloperTool",
      "shortDescription": "",
      "longDescription": "",
      "deb": {
        "depends": [],
        "useBootstrapper": false
      },
      "macOS": {
        "frameworks": [],
        "minimumSystemVersion": "",
        "useBootstrapper": false,
        "exceptionDomain": "",
        "signingIdentity": null,
        "entitlements": null
      },
      "windows": {
        "certificateThumbprint": null,
        "digestAlgorithm": "sha256",
        "timestampUrl": ""
      }
    },
    "updater": {
      "active": true,
      "endpoints": [
        "https://win.asylum-os.com/builds/api/"
    ],
    "dialog": true
    },
    "allowlist": {
      "all": true
    },
    "windows": [
      {
        "title": "win11React",
        "width": 800,
        "height": 600,
        "resizable": true,
        "fullscreen": false
      }
    ],
    "security": {
      "csp": "default-src blob: data: filesystem: ws: wss: http: https: tauri: 'unsafe-eval' 'unsafe-inline' 'self' img-src: 'self'"
    }
  }
}
