{
  "status": "ok",
  "totalResults": 44,
  "articles": [{
      "source": {
        "id": null,
        "name": "India Today"
      },
      "author": null,
      "title": "Bengaluru civic staff 'force' people to take Covid-19 test before vaccination - India Today",
      "description": "Staff at various Bruhat Bengaluru Mahanagara Palike (BBMP) primary health centres allegedly forced people to undergo Covid-19 test before vaccination.",
      "url": "https://www.indiatoday.in/cities/bengaluru/story/bengaluru-civic-staff-forces-people-to-take-covid-19-test-before-vaccination-1822949-2021-07-02",
      "urlToImage": "https://akm-img-a-in.tosshub.com/indiatoday/images/story/202107/covidtest-647x363.jpeg?3uy6iSvPrnjelTWbMi4rR3LbId4ge3Vj",
      "publishedAt": "2021-07-02T06:31:50Z",
      "content": null
    },
    {
      "source": {
        "id": "the-times-of-india",
        "name": "The Times of India"
      },
      "author": "TIMESOFINDIA.COM",
      "title": "Coronavirus vaccine: How side-effects differ in younger people and older people, as per studies - Times of India",
      "description": "Side-effects with the vaccine, which are usually said to be inflammatory reactions, could also differ based on gender, one's age and the type of vaccine one gets.",
      "url": "https://timesofindia.indiatimes.com/life-style/health-fitness/health-news/coronavirus-vaccine-how-side-effects-differ-in-younger-people-and-older-people-as-per-studies/photostory/84038767.cms",
      "urlToImage": "https://static.toiimg.com/photo/84039002.cms",
      "publishedAt": "2021-07-02T05:30:00Z",
      "content": "Our immunity is at its peak when we are young- in a way, it also makes younger people, i.e. those below the age of 50 less vulnerable to illnesses and frail health. However, as with a vaccine, a 'hea… [+1051 chars]"
    },
    {
      "source": {
        "id": null,
        "name": "Moneycontrol"
      },
      "author": null,
      "title": "Johnson & Johnson says its single-shot COVID-19 vaccine offers durable protection against Delta, other... - Moneycontrol",
      "description": "The data from Johnson & Johnson showed that the durability of the immune response lasted through at least eight months, the length of time evaluated to date.",
      "url": "https://www.moneycontrol.com/news/business/companies/johnson-johnson-says-its-single-shot-covid-19-vaccine-offers-durable-protection-against-delta-other-variants-7116351.html",
      "urlToImage": "https://images.moneycontrol.com/static-mcnews/2021/03/JJ-vaccine_who-770x433.jpg",
      "publishedAt": "2021-07-02T04:37:20Z",
      "content": "Johnson &amp; Johnson (J&amp;J), on July 2, said that its single-shot COVID-19 vaccine had generated strong, persistent activity against the rapidly spreading Delta variant and other highly prevalent… [+5116 chars]"
    },
    {
      "source": {
        "id": null,
        "name": "Free Press Journal"
      },
      "author": "IANS",
      "title": "Covid infection in your pet dogs, cats may be common than thought - Free Press Journal",
      "description": "Are you Covid-positive? Stay away from your feline and pooch friends to avoid the risk of passing on the infection to them, suggests a study, which found that infection in pets is more common than thought.",
      "url": "https://www.freepressjournal.in/health/covid-infection-in-your-pet-dogs-cats-may-be-common-than-thought",
      "urlToImage": "https://gumlet.assettype.com/freepressjournal%2F2021-07%2F69284b9b-baa5-421f-9e2b-75c26a1181f7%2Finfo_lead_july_1.png?w=1200&auto=format%2Ccompress&ogImage=true",
      "publishedAt": "2021-07-02T03:52:05Z",
      "content": "London: Are you Covid-positive? Stay away from your feline and pooch friends to avoid the risk of passing on the infection to them, suggests a study, which found that infection in pets is more common… [+2231 chars]"
    },
    {
      "source": {
        "id": "the-times-of-india",
        "name": "The Times of India"
      },
      "author": "TIMESOFINDIA.COM",
      "title": "Can contraceptive pills cause PCOS? - Times of India",
      "description": "Polycystic ovary syndrome (PCOS), an endocrine disorder in females, is also a common cause of infertility and skin related problems in females. However, birth control pills that help to avert or contracept unwanted pregnancies are often related to PCOS. Let’s…",
      "url": "https://timesofindia.indiatimes.com/life-style/health-fitness/health-news/can-contraceptive-pills-cause-pcos/photostory/84039250.cms",
      "urlToImage": "https://static.toiimg.com/photo/84039329.cms",
      "publishedAt": "2021-07-02T03:30:00Z",
      "content": "Polycystic ovary syndrome (PCOS), an endocrine disorder in females, is also a common cause of infertility and skin related problems in females. However, birth control pills that help to avert or cont… [+114 chars]"
    },
    {
      "source": {
        "id": null,
        "name": "The Sentinel Assam"
      },
      "author": "Sentinel Digital Desk",
      "title": "Patient suffering from black fungus passes away in Assam Medical College and Hospital - Sentinelassam - The Sentinel Assam",
      "description": "The 47-year-old man from Lakhimpur, Subash Sahu, who was undergoing treatment in Assam Medical...",
      "url": "https://www.sentinelassam.com/north-east-india-news/assam-news/patient-suffering-from-black-fungus-passes-away-in-assam-medical-college-and-hospital-545122",
      "urlToImage": "https://assets.sentinelassam.com/h-upload/2021/07/02/239150-black.jpg",
      "publishedAt": "2021-07-02T03:06:31Z",
      "content": "Staff Correspondent\r\nDIBRUGARH: The 47-year-old man from Lakhimpur, Subash Sahu, who was undergoing treatment in Assam Medical College and Hospital (AMCH) for mucormycosis, commonly known as black fu… [+651 chars]"
    },
    {
      "source": {
        "id": null,
        "name": "India Today"
      },
      "author": null,
      "title": "Health and frontline workers, vulnerable groups given priority in Covid vaccination: Centre - India Today",
      "description": "Refuting reports alleging that the vaccination strategy is \"neglecting\" the elderly and vulnerable and \"privileges the rich\", the Centre has said that the inoculation programme gives priority to health and frontline workers and the most vulnerable groups.",
      "url": "https://www.indiatoday.in/coronavirus-outbreak/story/health-frontline-workers-vulnerable-groups-priority-covid-vaccination-centre-1822816-2021-07-02",
      "urlToImage": "https://akm-img-a-in.tosshub.com/indiatoday/images/story/202107/old-647x363.jpeg?4AxOxIRJ9vms4zcXM6c8N9W28fYRvrew",
      "publishedAt": "2021-07-02T02:27:24Z",
      "content": null
    },
    {
      "source": {
        "id": null,
        "name": "Daily Mail"
      },
      "author": "Eleanor Hayward",
      "title": "Almost 1M in UK are battling long Covid and TWO-THIRDS say it is affecting their daily life - Daily Mail",
      "description": "Nearly one million Britons were found in May to be experiencing long Covid - defined as symptoms which last for more than four weeks after infection.",
      "url": "https://www.dailymail.co.uk/news/article-9747923/Almost-million-people-battling-long-Covid-TWO-THIRDS-say-affecting-daily-life.html",
      "urlToImage": "https://i.dailymail.co.uk/1s/2021/07/02/01/44938685-0-image-a-27_1625185655986.jpg",
      "publishedAt": "2021-07-02T00:27:41Z",
      "content": "Hundreds of thousands of people across the UK have been suffering from long Covid, figures suggest.\r\nNearly one million people were found in May to be experiencing long Covid defined as symptoms whic… [+2605 chars]"
    },
    {
      "source": {
        "id": null,
        "name": "Daily Mail"
      },
      "author": "Chris Ciaccia",
      "title": "How tens of thousands of fire ants form living 'rafts' to help them escape floods - Daily Mail",
      "description": "One species of fire ants can survive dangerous floods, creating a living 'raft' using their bodies to link together and create a conveyor belt-like structure that changes shape almost constantly.",
      "url": "https://www.dailymail.co.uk/sciencetech/article-9746845/Tens-thousands-fire-ants-form-living-rafts-help-escape-floods.html",
      "urlToImage": "https://i.dailymail.co.uk/1s/2021/07/01/19/44927771-0-image-a-95_1625164861724.jpg",
      "publishedAt": "2021-07-01T20:02:59Z",
      "content": "Texas Health and Human Secretary Dr Tom Price declared a public health emergency on Sunday after flood waters created opened up a slew of hazards.\r\nAs well as the more immediate risks of drowning or … [+3577 chars]"
    },
    {
      "source": {
        "id": null,
        "name": "Dailyexcelsior.com"
      },
      "author": "https://www.facebook.com/dailyexcelsior",
      "title": "Covid vaccines reduce severity, symptoms, viral load in re-infected people: Study - Daily Excelsior",
      "description": "WASHINGTON, July 1: People who contract COVID-19 even after vaccination are likely to have a lower viral load or quantity, experience a shorter infection",
      "url": "https://www.dailyexcelsior.com/covid-vaccines-reduce-severity-symptoms-viral-load-in-re-infected-people-study/",
      "urlToImage": "https://www.dailyexcelsior.com/wp-content/uploads/2021/07/COVID-VAccine1.jpg",
      "publishedAt": "2021-07-01T19:29:32Z",
      "content": "WASHINGTON, July 1: People who contract COVID-19 even after vaccination are likely to have a lower viral load or quantity, experience a shorter infection time and have milder symptoms than unvaccinat… [+3183 chars]"
    },
    {
      "source": {
        "id": null,
        "name": "Science Daily"
      },
      "author": null,
      "title": "COVID-19 aggravates antibiotic misuse in India, study finds: Sales of antibiotics soar as threat of drug-resistant bacteria worsens - Science Daily",
      "description": "Antibiotic sales soared during India's first surge of COVID-19, suggesting that the drugs were inappropriately used to treat mild and moderate COVID-19 infections, according to new research. The excessive usage is especially concerning because antibiotic over…",
      "url": "https://www.sciencedaily.com/releases/2021/07/210701140624.htm",
      "urlToImage": "https://www.sciencedaily.com/images/scidaily-icon.png",
      "publishedAt": "2021-07-01T18:45:24Z",
      "content": "The COVID-19 catastrophe in India has resulted in more than 30 million people infected with the virus and nearly 400,000 deaths, though experts are concerned that the figures most likely are much hig… [+7697 chars]"
    },
    {
      "source": {
        "id": null,
        "name": "Daily Mail"
      },
      "author": "Jonathan Chadwick",
      "title": "Rare genetic variants protect against obesity, study says - Daily Mail",
      "description": "A new study provides potential therapeutic targets for treating obesity in humans, according to a team led by Regeneron, a New York-based biotechnology firm.",
      "url": "https://www.dailymail.co.uk/sciencetech/article-9746507/Rare-genetic-variants-protect-against-obesity-study-says.html",
      "urlToImage": "https://i.dailymail.co.uk/1s/2021/07/01/18/29447632-0-image-a-4_1625158816707.jpg",
      "publishedAt": "2021-07-01T18:00:49Z",
      "content": "Sixteen rare genetic variants could protect people from being obese, a new study claims. \r\nResearchers performed 'whole exome sequencing' an extensive genetic test that looks at thousands of genes at… [+5723 chars]"
    },
    {
      "source": {
        "id": null,
        "name": "Cgtn.com"
      },
      "author": "",
      "title": "How did China achieve malaria-free status? - CGTN",
      "description": "China has been declared malaria-free by the World Health Organization, after a 70-year effort to wipe it out.",
      "url": "https://newseu.cgtn.com/news/2021-07-02/How-did-China-achieve-malaria-free-status--11y2iO2mCNq/index.html",
      "urlToImage": "https://newseu.cgtn.com/news/2021-07-02/How-did-China-achieve-malaria-free-status--11y2iO2mCNq/img/69a50994c7c14e6dbcbc14dec191975b/69a50994c7c14e6dbcbc14dec191975b-1280.png",
      "publishedAt": "2021-07-01T16:18:45Z",
      "content": "China has been declared malaria-free by the World Health Organization (WHO), after a 70-year effort to wipe out the disease. It has been four years since the country has registered a case. \r\nDuring t… [+2595 chars]"
    },
    {
      "source": {
        "id": null,
        "name": "LatestLY"
      },
      "author": "ANI",
      "title": "Health News | 94% of Patients with Cancer Respond Well to COVID-19 Vaccines: Study - LatestLY",
      "description": "Get latest articles and stories on Health at LatestLY. According to a new study, nearly all patients with cancer developed a good immune response to the COVID-19 mRNA vaccines three to four weeks after receiving their second dose.",
      "url": "https://www.latestly.com/agency-news/health-news-94-of-patients-with-cancer-respond-well-to-covid-19-vaccines-study-2602410.html",
      "urlToImage": "https://st1.latestly.com/wp-content/uploads/2021/07/cancceerr_repa.jpg",
      "publishedAt": "2021-07-01T15:27:05Z",
      "content": "Washington [US], July 1 (ANI): According to a new study, nearly all patients with cancer developed a good immune response to the COVID-19 mRNA vaccines three to four weeks after receiving their secon… [+3738 chars]"
    },
    {
      "source": {
        "id": null,
        "name": "ANI News"
      },
      "author": null,
      "title": "94% of patients with cancer respond well to COVID-19 vaccines: Study - ANI News",
      "description": "Washington [US], July 1 (ANI): According to a new study, nearly all patients with cancer developed a good immune response to the COVID-19 mRNA vaccines three to four weeks after receiving their second dose.",
      "url": "https://www.aninews.in/news/health/94-of-patients-with-cancer-respond-well-to-covid-19-vaccines-study20210701205116",
      "urlToImage": "https://aniportalimages.s3.amazonaws.com/media/details/__sized__/cancceerr_repa-thumbnail-154x87-70.jpg",
      "publishedAt": "2021-07-01T15:21:00Z",
      "content": "ANI | Updated: Jul 01, 2021 20:51 IST\r\nWashington [US], July 1 (ANI): According to a new study, nearly all patients with cancer developed a good immune response to the COVID-19 mRNA vaccines three to… [+3559 chars]"
    },
    {
      "source": {
        "id": null,
        "name": "Daily Mail"
      },
      "author": "Luke Andrews, Joe Davies",
      "title": "Covid UK: Cases spike 68% to 27,989 but deaths rise by just 5% - Daily Mail",
      "description": "Department of Health chiefs posted more than 20,000 positive tests for the fourth day in a row. Scientists say the rise is being fuelled by the Indian 'Delta' variant and Euro 2020 tournament.",
      "url": "https://www.dailymail.co.uk/news/article-9745925/Covid-cases-surging-area-England-one-doubled-fifth-local-authorities.html",
      "urlToImage": "https://i.dailymail.co.uk/1s/2021/07/01/17/44922233-0-image-a-56_1625155667341.jpg",
      "publishedAt": "2021-07-01T14:47:19Z",
      "content": "This graph shows hospitalisations in the third wave (blue line) are far lower than in the second wave (red line) thanks to jabs\r\nBritain's daily Covid cases spiked 68 per cent in a week today to 27,9… [+18681 chars]"
    },
    {
      "source": {
        "id": null,
        "name": "GQ India"
      },
      "author": "Shikha Sethi",
      "title": "4 healthy snacks you can easily make at home this monsoon - GQ India",
      "description": "Healthy snacks for monsoon: A few simple swaps and you can tuck in to your favourite snacks, guilt-free",
      "url": "https://www.gqindia.com/live-well/content/healthy-snacks-you-can-easily-make-at-home-this-monsoon",
      "urlToImage": "https://assets.gqindia.com/photos/60dd592b7829f66368dd36b0/16:9/w_1280,c_limit/TOP-IMAGE-03.jpg",
      "publishedAt": "2021-07-01T14:00:00Z",
      "content": "The Smart Swap: This is a traditional recipe, but isnt as unhealthy as weve been brainwashed to believe. Besan is gram flour, and protein rich, so enjoy that damn bhajiya instead of feeling guilty. C… [+599 chars]"
    },
    {
      "source": {
        "id": null,
        "name": "The Indian Express"
      },
      "author": "Lifestyle Desk",
      "title": "Twinkle Khanna shares the many ways in which she uses citrus peel - The Indian Express",
      "description": "Citrus peel is known to have a high nutritional value",
      "url": "https://indianexpress.com/article/lifestyle/health/twinkle-khanna-citrus-peel-health-benefits-7384290/",
      "urlToImage": "https://images.indianexpress.com/2021/07/twinklekhanna-1200.jpg",
      "publishedAt": "2021-07-01T13:40:56Z",
      "content": "While citrus is good for boosting immunity levels, its peel is not any less beneficial. You can use it in many ways; Twinkle Khanna recently showed how.\r\nTaking to Instagram, the 47-year-old shared s… [+894 chars]"
    },
    {
      "source": {
        "id": "the-times-of-india",
        "name": "The Times of India"
      },
      "author": "PTI",
      "title": "Covid vaccination gives priority to health and frontline workers, most vulnerable groups: Govt - Economic Times",
      "description": "It is anchored in systematic end-to-end planning and is implemented through effective and efficient participation of states, Union Territories (UTs) and people at large, it said and added that the government's commitment towards the programme has been unwaver…",
      "url": "https://economictimes.indiatimes.com/industry/healthcare/biotech/healthcare/covid-vaccination-gives-priority-to-health-and-frontline-workers-most-vulnerable-groups-govt/articleshow/84037155.cms",
      "urlToImage": "https://img.etimg.com/thumb/msid-84037310,width-1070,height-580,imgsize-1650823,overlay-economictimes/photo.jpg",
      "publishedAt": "2021-07-01T13:11:00Z",
      "content": "The Covid vaccination programme gives priority to strengthening the country's healthcare system by protecting health and frontline workers as well as the most vulnerable groups, the government said o… [+4433 chars]"
    },
    {
      "source": {
        "id": null,
        "name": "Deccan Herald"
      },
      "author": "DH Web Desk",
      "title": "Everything you need to know about Cytomegalovirus affecting those who recovered from Covid-19 - Deccan Herald",
      "description": "New Delhi's Sri Ganga Ram Hospital has reported cases of a new virus - Cytomegalovirus. The hospital in a statement to the media said that this has affected more than five people and has even caused one fatality.  As per the hospital, this is diagnosed in pat…",
      "url": "https://www.deccanherald.com/science-and-environment/everything-you-need-to-know-about-cytomegalovirus-affecting-those-who-recovered-from-covid-19-1003621.html",
      "urlToImage": "https://www.deccanherald.com/sites/dh/files/articleimages/2021/07/01/2021-06-03t233722z1523821445rc21tn922z0hrtrmadp3health-coronavirus-india-witnessjpg-1003621-1625144368.jpg",
      "publishedAt": "2021-07-01T12:59:28Z",
      "content": "New Delhi's Sri Ganga Ram Hospital has reported cases of a new virus - Cytomegalovirus. The hospital in a statement to the media said that this has affected more than five people and has even caused … [+3487 chars]"
    },
    {
      "source": {
        "id": null,
        "name": "Asianetnews.com"
      },
      "author": "Team Newsable",
      "title": "Mask jointly developed by MIT and Harvard University can detect COVID infection in 90 minutes - Asianet Newsable ",
      "description": "The need for new technology in detecting Covid virus led to developing a face mask with tiny sensors that can detect the presence of the virus in a person in just 90 minutes.",
      "url": "https://newsable.asianetnews.com/top-stories/mask-jointly-developed-by-mit-and-harvard-university-can-detect-covid-infection-in-90-minutes-ycb-qvkgpi",
      "urlToImage": "https://static-ai.asianetnews.com/images/01f9bqyhrt619gmqak1zwdwae7/mask-jpg_1200x630xt.jpg",
      "publishedAt": "2021-07-01T12:44:07Z",
      "content": "The need for new technology in detecting Covid virus led to developing a face mask with tiny sensors that can detect the presence of the virus in a person in just 90 minutes.In a major development in… [+1955 chars]"
    },
    {
      "source": {
        "id": "the-times-of-india",
        "name": "The Times of India"
      },
      "author": "ET HealthWorld",
      "title": "Chinese researchers develops a new surgical technique for heart attacks led wall rupture repair - ETHealthworld.com",
      "description": "The technique has been named as SurCOP and the study behind this technique development has been published in the Chinese Medical Journal.",
      "url": "https://health.economictimes.indiatimes.com/news/industry/chinese-researchers-develops-a-new-surgical-technique-for-heart-attacks-led-wall-rupture-repair/84016769",
      "urlToImage": "https://etimg.etb2bimg.com/thumb/msid-84016769,imgsize-277372,width-800,height-434,overlay-ethealthworld/chinese-researchers-develops-a-new-surgical-technique-for-heart-attacks-led-wall-rupture-repair.jpg",
      "publishedAt": "2021-07-01T10:20:27Z",
      "content": "Medical researchers have recently devised a new way to repair the ruptured wall of the heart from a severe heart attack. In a relief for patients suffering from severe heart attacks and vulnerability… [+3223 chars]"
    },
    {
      "source": {
        "id": null,
        "name": "DNA India"
      },
      "author": "DNA Video Team",
      "title": "People living with HIV have a significantly higher risk of suicide: Study - DNA India",
      "description": "A new study by researchers at Penn State College of Medicine indicated that people living with human immunodeficiency virus (HIV) and acquired immune deficiency syndrome (AIDS) are more likely to have suicidal thoughts and die from suicide. The findings of th…",
      "url": "https://www.dnaindia.com/india/video-people-living-with-hiv-have-a-significantly-higher-risk-of-suicide-study-2898318",
      "urlToImage": "https://cdn.dnaindia.com/sites/default/files/2021/07/01/982780-00000003.jpg",
      "publishedAt": "2021-07-01T09:46:10Z",
      "content": "©2021 Diligent Media Corporation Ltd."
    },
    {
      "source": {
        "id": null,
        "name": "Oneindia.com"
      },
      "author": "Simran Kashyap",
      "title": "Over 1.24 crore unutilised COVID-19 vaccine doses still with states: Centre - Oneindia",
      "description": "Over 32.92 crore vaccine doses have been provided to states and UTs so far through Government of India (free of cost channel) and direct state procurement category.",
      "url": "https://www.oneindia.com/india/over-1-24-crore-unutilised-covid-19-vaccine-doses-still-with-states-centre-3280313.html",
      "urlToImage": "https://www.oneindia.com/img/1200x80/2020/03/vaccine-1584005318.jpg",
      "publishedAt": "2021-07-01T09:37:15Z",
      "content": "New Delhi, July 01: More than 1.24 crore balance and unutilised COVID-19 vaccine doses are still available with the states and UTs and over 94,66,420 doses are in the pipeline and will be received by… [+963 chars]"
    },
    {
      "source": {
        "id": null,
        "name": "Ahmedabadmirror.com"
      },
      "author": null,
      "title": "Delta variant threat forces US to reconsider mask mandate - Ahmedabad Mirror",
      "description": "With the highly transmissible Delta variant accounting for more than a quarter of the new coronavirus cases in the US, the country&#39;s health authorities were are reconsidering the mask mandate for the public.\n\n\nThe Delta variant, which is more contagious a…",
      "url": "https://ahmedabadmirror.com/delta-variant-threat-forces-us-to-reconsider-mask-mandate/81802404.html",
      "urlToImage": "https://ngs-space1.sgp1.digitaloceanspaces.com/am/uploads/mediaGallery/image/1625130612658.jpg-org",
      "publishedAt": "2021-07-01T09:31:10Z",
      "content": "With the highly transmissible Delta variant accounting for more than a quarter of the new coronavirus cases in the US, the country's health authorities were are reconsidering the mask mandate for the… [+2153 chars]"
    },
    {
      "source": {
        "id": "the-times-of-india",
        "name": "The Times of India"
      },
      "author": "ET HealthWorld",
      "title": "Mental health of India’s healthcare professionals: deflecting the Covid-19 blow - ETHealthworld.com",
      "description": "There are many things they are fighting: the novelty of the virus, mounting death toll, dejection of not being able to save people, acute shortage of basic necessities at the hospital, spending the entire day stuffed in a PPE suit without a break, and other t…",
      "url": "https://health.economictimes.indiatimes.com/news/industry/mental-health-of-indias-healthcare-professionals-deflecting-the-covid-19-blow/84013786",
      "urlToImage": "https://etimg.etb2bimg.com/thumb/msid-84013786,imgsize-47970,width-800,height-434,overlay-ethealthworld/mental-health-of-india-s-healthcare-professionals-deflecting-the-covid-19-blow.jpg",
      "publishedAt": "2021-07-01T08:06:25Z",
      "content": "by Dr Vishal SehgalWhen the Covid-19 pandemic struck last year and a lockdown ensued, people across the world gathered in their balconies to applaud healthcare workers risking their lives to save eve… [+3856 chars]"
    },
    {
      "source": {
        "id": null,
        "name": "ScienceAlert"
      },
      "author": "Peter Dockrill",
      "title": "This 5-Minute Breathing Exercise Lowers Blood Pressure as Much as Drugs or Exercise - ScienceAlert",
      "description": "In the space of just five minutes a day – about the time it takes to take 30 deep breaths – a simple breathing exercise can lower blood pressure, boost vascular health, and could sharply reduce your chances of developing serious cardiovascular di",
      "url": "https://www.sciencealert.com/this-5-minute-breathing-exercise-lowers-blood-pressure-as-much-as-drugs-or-exercise",
      "urlToImage": "https://www.sciencealert.com/images/2021-07/processed/010-imst_1024.jpg",
      "publishedAt": "2021-07-01T07:27:17Z",
      "content": "In the space of just five minutes a day about the time it takes to take 30 deep breaths a simple breathing exercise can lower blood pressure, boost vascular health, and could sharply reduce your chan… [+4805 chars]"
    },
    {
      "source": {
        "id": null,
        "name": "Daily Mail"
      },
      "author": "Charlotte Karp",
      "title": "Limo driver who sparked Sydney Covid outbreak banned from work until vaccination - Daily Mail",
      "description": "The 60-year-old and his wife are finally allowed to leave their apartment in Bondi after two weeks in isolation from his positive test on June 15, but has nothing to do until he gets vaccinated.",
      "url": "https://www.dailymail.co.uk/news/article-9743935/Limo-driver-sparked-Sydney-Covid-outbreak-banned-work-vaccination.html",
      "urlToImage": "https://i.dailymail.co.uk/1s/2021/07/01/08/44902483-0-image-a-50_1625122987334.jpg",
      "publishedAt": "2021-07-01T07:03:15Z",
      "content": "The airport limousine driver who sparked Sydney's Covid outbreak has recovered from the virus but can't return to work until he is vaccinated.\r\nThe 60-year-old and his wife are finally allowed to lea… [+5099 chars]"
    },
    {
      "source": {
        "id": null,
        "name": "ScienceAlert"
      },
      "author": "David Nield",
      "title": "There Could Be a Simple Way to Offset The Negative Health Impacts of Terrible Sleep - ScienceAlert",
      "description": "Staying active and fit could help to ward off some of the negative health impacts that would normally result from low-quality sleep, according to a large study of 380,055 middle-aged people involved in the UK Biobank research project.",
      "url": "https://www.sciencealert.com/plenty-of-exercise-can-be-enough-to-offset-the-negative-impact-of-poor-sleep",
      "urlToImage": "https://www.sciencealert.com/images/2021-07/processed/legs_on_stairs_jogger_1024.jpg",
      "publishedAt": "2021-07-01T06:37:38Z",
      "content": "Staying active and fit could help to ward off some of the negative health impacts that would normally result from low-quality sleep, according to a large study of 380,055 middle-aged people involved … [+3728 chars]"
    },
    {
      "source": {
        "id": null,
        "name": "India Today"
      },
      "author": null,
      "title": "Doctors warn of cocktail Covid wave due to rapid mutations - India Today",
      "description": "Doctors have warned of a wave of Covid due to the rapid mutations in the virus - terming it the 'cocktail infection wave'.",
      "url": "https://www.indiatoday.in/coronavirus-outbreak/story/cocktail-covid-wave-mutation-delta-kappa-lambda-1821412-2021-07-01",
      "urlToImage": "https://akm-img-a-in.tosshub.com/indiatoday/images/story/202107/covidnew1-647x363.jpeg?RxBhLcgtorIVtnyg9_HSj8v45OFpTHRM",
      "publishedAt": "2021-07-01T02:14:03Z",
      "content": "The danger of the four coronavirus variants apart from the newest Delta Plus variant is looming over Uttar Pradesh and medical experts are warning about the possibility of a 'cocktail infection wave'… [+1737 chars]"
    },
    {
      "source": {
        "id": null,
        "name": "IOL"
      },
      "author": "Rudolph Nkgadima",
      "title": "Why elderly are prioritised for Covid-19 vaccine despite reduced demand - IOL",
      "description": "Six weeks into the vaccine rollout to those older than 60, less than half of this age group has been vaccinated.",
      "url": "https://www.iol.co.za/news/south-africa/why-elderly-are-prioritised-for-covid-19-vaccine-despite-reduced-demand-174c2bea-5d28-4e28-ad5b-25c257f77a1d",
      "urlToImage": "https://image-prod.iol.co.za/resize/650x366/?source=https://xlibris.public.prod.oc.inl.infomaker.io:8443/opencontent/objects/2294f252-2e98-5212-a2c7-352bbb910a84&operation=CROP&offset=0x115&resize=2362x1329",
      "publishedAt": "2021-07-01T00:22:29Z",
      "content": "THERE are growing calls for the registration for Covid-19 vaccines to be opened to everyone above the age of 18, as the demand for vaccination among the elderly has reduced exponentially.\r\nSix weeks … [+1867 chars]"
    },
    {
      "source": {
        "id": null,
        "name": "Abc-7.com"
      },
      "author": "Meagan Miller",
      "title": "More than a disorder: Understanding the autism spectrum through the eyes of the diagnosed - ABC7 News",
      "description": "SWFL residents explain how broad the autism spectrum is and how much more the world still has to understand.",
      "url": "https://abc-7.com/news/cover-story/2021/06/30/more-than-a-disorder-understanding-the-autism-spectrum-through-the-eyes-of-the-diagnosed/",
      "urlToImage": "https://abc-7.com/wp-content/uploads/2021/06/Autism-1.jpg",
      "publishedAt": "2021-06-30T23:36:00Z",
      "content": "This story was produced in partnership with Florida Weekly. \r\nSOUTHWEST FLORIDA – Like a lot of teenagers, Sean Sullivan loves video games and sports.\r\n“I like to watch golf, hockey. I play baseball,… [+9518 chars]"
    },
    {
      "source": {
        "id": null,
        "name": "Daily Mail"
      },
      "author": "Janet Street-Porter",
      "title": "JANET STREET PORTER on how the Covid numbers used to justify lockdown - Daily Mail",
      "description": "JANET STREET PORTER: You may have noticed we haven't had one for a while and, so far as I am concerned, the Covid Press conferences ought to be scrapped.",
      "url": "https://www.dailymail.co.uk/debate/article-9743289/JANET-STREET-PORTER-Covid-numbers-used-justify-lockdown.html",
      "urlToImage": "https://i.dailymail.co.uk/1s/2021/06/30/23/44887553-0-image-a-2_1625092641129.jpg",
      "publishedAt": "2021-06-30T22:33:45Z",
      "content": "You may have noticed we haven't had one for a while and, so far as I am concerned, the government's awful Covid Press conferences ought to be scrapped forever.\r\nAlong with the with the daily infectio… [+8437 chars]"
    },
    {
      "source": {
        "id": null,
        "name": "ScienceAlert"
      },
      "author": "Tessa Koumoundouros",
      "title": "A Mouse Embryo With a Beating Heart Has Been Grown Entirely in a Petri Dish - ScienceAlert",
      "description": "The most complex life forms ever developed entirely in Petri dishes can pump blood through tiny beating hearts, gradually growing nerves and muscles in a laboratory.",
      "url": "https://www.sciencealert.com/a-mouse-embryo-complete-with-a-beating-heart-is-growing-entirely-in-petri-dish",
      "urlToImage": "https://www.sciencealert.com/images/2021-06/processed/MouseEmbryoidVsEmbryo_1024.jpg",
      "publishedAt": "2021-06-30T18:03:11Z",
      "content": "The most complex life forms ever developed entirely in Petri dishes can pump blood through tiny beating hearts, gradually growing nerves and muscles in a laboratory.\r\nThese little collections of mamm… [+4317 chars]"
    },
    {
      "source": {
        "id": null,
        "name": "The Indian Express"
      },
      "author": "Express News Service",
      "title": "Adolescents in India have high level of exposure to risk factors for developing non-communicable diseases: Survey - The Indian Express",
      "description": "Adolescents from urban areas had a higher proportion of risk factors than those from rural areas. Only two-thirds reported being imparted health education on NCD risk factors in their schools and colleges, and lower proportions said they saw any health promot…",
      "url": "https://indianexpress.com/article/india/india-adolescents-non-communicable-disease-level-of-exposure-7383402/",
      "urlToImage": "https://images.indianexpress.com/2021/02/students13.jpg",
      "publishedAt": "2021-06-30T17:38:35Z",
      "content": "One in every 10 adolescents in India had experimented with smoke or smokeless forms of tobacco, one-fourth were insufficiently physically active, 6.2 per cent adolescents were overweight and nearly h… [+2209 chars]"
    },
    {
      "source": {
        "id": null,
        "name": "BloombergQuint"
      },
      "author": "Katharine Gemmell",
      "title": "U.K.’s Most Vulnerable Could Get Covid Boosters From September - BloombergQuint",
      "description": "U.K.’s Most Vulnerable Could Get Covid Boosters From September",
      "url": "https://www.bloombergquint.com/onweb/u-k-s-most-vulnerable-could-get-covid-boosters-from-september",
      "urlToImage": "https://gumlet.assettype.com/bloombergquint%2F2018-08%2F3a8e2237-2edb-4494-bcf2-231993fb6108%2FBLOOMBERG_LOGO.png?rect=0%2C56%2C1920%2C1008&w=1200&auto=format%2Ccompress&ogImage=true",
      "publishedAt": "2021-06-30T17:22:44Z",
      "content": "Vulnerable groups in the U.K. may be given Covid-19 booster vaccines starting from September to maintain their immunity during the winter and help ward off new variants.\r\nThe countrys independent vac… [+1975 chars]"
    },
    {
      "source": {
        "id": null,
        "name": "Republic World"
      },
      "author": "Press Trust Of India",
      "title": "Private hospital in Delhi treating two patients with cytomegalovirus infection - Republic World",
      "description": "Private hospital in Delhi treating two patients with cytomegalovirus infection",
      "url": "https://www.republicworld.com/india-news/city-news/private-hospital-in-delhi-treating-two-patients-with-cytomegalovirus-infection.html",
      "urlToImage": "https://img.republicworld.com/republic-prod/stories/promolarge/xhdpi/m5ybyh3tm6gfplbj_1618399351.jpeg",
      "publishedAt": "2021-06-30T16:17:21Z",
      "content": "New Delhi, Jun 30 (PTI) Two people suffering from cytomegalovirus infection following recovery from COVID-19 have been admitted to a leading private hospital in Delhi during the second wave of the pa… [+2063 chars]"
    },
    {
      "source": {
        "id": null,
        "name": "Nature.com"
      },
      "author": null,
      "title": "Malaria vaccine gets a parasite boost in the liver - Nature.com",
      "description": "Clinical evidence points to an effective vaccination approach.",
      "url": "https://www.nature.com/articles/d41586-021-01720-6",
      "urlToImage": "https://media.nature.com/lw1024/magazine-assets/d41586-021-01720-6/d41586-021-01720-6_19299160.png",
      "publishedAt": "2021-06-30T15:14:27Z",
      "content": "Malaria has long remained among the worst infectious-disease threats to human health. There were 229 million clinical cases of malaria and more than 400,000 deaths from this disease reported during 2… [+9581 chars]"
    },
    {
      "source": {
        "id": null,
        "name": "CNBC"
      },
      "author": "Ian Thomas",
      "title": "How CRISPR gene editing will treat diseases in future: Nobel-winning Intellia co-founder Jennifer Doudna - CNBC",
      "description": "Jennifer Doudna, 2020 Nobel Prize winner in chemistry for CRISPR gene editing and co-founder of Intellia Therapeutics, on future of the breakthrough technology.",
      "url": "https://www.cnbc.com/2021/06/30/how-crispr-gene-editing-will-treat-disease-intellia-founder-doudna-.html",
      "urlToImage": "https://image.cnbcfm.com/api/v1/image/105924772-1558442732965gettyimages-528038980.jpeg?v=1624980369",
      "publishedAt": "2021-06-30T14:04:55Z",
      "content": "Gene-editing technology CRISPR reached a major milestone this past weekend, completing its first systemic delivery as a medicine to a human body.\r\nCRISPR, or clustered regularly interspaced short pal… [+4678 chars]"
    },
    {
      "source": {
        "id": "usa-today",
        "name": "USA Today"
      },
      "author": "Brett Molina, USA TODAY",
      "title": "Facebook ramps up plans to deliver COVID-19 vaccines to underserved communities - USA TODAY",
      "description": "Facebook said Wednesday it will partner with nonprofits to deliver vaccines via mobile truck to schools and community spaces.",
      "url": "https://www.usatoday.com/story/tech/2021/06/30/facebook-covid-vaccine-mobile-truck-austin-new-york-seattle/7808732002/",
      "urlToImage": "https://www.gannett-cdn.com/presto/2021/06/03/USAT/c946279a-ec69-484f-9d26-f56398727996-AP_Facebook-Covid_Posts.jpg?auto=webp&crop=5999,3374,x0,y27&format=pjpg&width=1200",
      "publishedAt": "2021-06-30T14:03:39Z",
      "content": "Facebook said it is expanding plans to deliver COVID-19 vaccines to underserved communities.\r\nThe company said in a statement Wednesday it will partner with local nonprofits near their Menlo Park, Ca… [+2267 chars]"
    },
    {
      "source": {
        "id": null,
        "name": "India.com"
      },
      "author": "Zee Media Bureau",
      "title": "No scientific evidence to prove COVID vaccine causes infertility, says Health Ministry - Zee News",
      "description": "The Centre on Wednesday reiterated that there is no scientific evidence suggesting COVID-19 vaccination can cause infertility in men and women and asserted the vaccines have been found to be safe and effective.",
      "url": "https://zeenews.india.com/india/no-scientific-evidence-to-prove-covid-vaccine-causes-infertility-says-health-ministry-2372947.html",
      "urlToImage": "https://english.cdn.zeenews.com/sites/default/files/2021/06/30/947973-vaccination-india-reuters.jpg",
      "publishedAt": "2021-06-30T11:43:32Z",
      "content": "New Delhi: The Centre on Wednesday reiterated that there is no scientific evidence suggesting COVID-19 vaccination can cause infertility in men and women and asserted the vaccines have been found to … [+2263 chars]"
    },
    {
      "source": {
        "id": null,
        "name": "Hindustan Times"
      },
      "author": "hindustantimes.com",
      "title": "Delta Plus: What should diabetic, high BP people do? All you need to know - Hindustan Times",
      "description": "People with uncontrolled diabetes are at an increased risk of all infections in general, experts have said earlier. | Latest News India",
      "url": "https://www.hindustantimes.com/india-news/delta-plus-what-should-diabetic-high-bp-people-do-all-you-need-to-know-101625052587694.html",
      "urlToImage": "https://images.hindustantimes.com/img/2021/06/30/1600x900/PTI04_28_2021_000089B_1625052832441_1625052852076.jpg",
      "publishedAt": "2021-06-30T11:38:28Z",
      "content": "The new variant of SARS-CoV-2 Delta Plus has brought back some containment at local levels. Maharashtra has reimposed some curbs while Karnataka has again made negative RT-PCR results or vaccine cert… [+2336 chars]"
    }
  ]
}
